patient_id,test_type,result_value,reference_range,collected_at
P105,Creatinine,1.67,0.6-1.3 mg/dL,2026-09-11T14:27:19.604393+00:00
P107,CRP,2.48,0-10 mg/L,2026-09-11T14:27:19.604393+00:00
P107,Hemoglobin,13.79,12.0-17.0 g/dL,2026-09-11T14:27:19.604393+00:00
P112,Hemoglobin,14.75,12.0-17.0 g/dL,2026-09-11T14:27:19.604393+00:00
P110,CRP,0.65,0-10 mg/L,2026-09-11T14:27:19.604393+00:00
P103,Creatinine,0.81,0.6-1.3 mg/dL,2026-09-11T14:27:19.604393+00:00
P103,WBC_Count,5.55,4.0-11.0 x10^9/L,2026-09-11T14:27:19.604393+00:00
P103,Hemoglobin,14.67,12.0-17.0 g/dL,2026-09-11T14:27:19.604393+00:00
P100,CRP,2.25,0-10 mg/L,2026-09-11T14:27:19.604393+00:00
P100,Hemoglobin,16.0,12.0-17.0 g/dL,2026-09-11T14:27:19.604393+00:00
P100,Glucose,133.45,70-140 mg/dL,2026-09-11T14:27:19.604393+00:00
P106,Creatinine,1.12,0.6-1.3 mg/dL,2026-09-11T14:27:19.604393+00:00
P106,WBC_Count,17.48,4.0-11.0 x10^9/L,2026-09-11T14:27:19.604393+00:00
P106,Hemoglobin,16.91,12.0-17.0 g/dL,2026-09-11T14:27:19.604393+00:00
P114,Glucose,106.27,70-140 mg/dL,2026-09-11T14:27:19.605393+00:00
P114,WBC_Count,6.44,4.0-11.0 x10^9/L,2026-09-11T14:27:19.605393+00:00
P102,Glucose,88.43,70-140 mg/dL,2026-09-11T14:27:19.605393+00:00
